{"id": 1, "truck_speed": 1, "drone_speed": 2, "drone_range": "inf", "number_of_nodes": 10, "depot_location": [0.5664784063868984, 0.11258629543926102], "customer_locations": {"2": [72.0, 76.0], "3": [8.0, 94.0], "4": [41.0, 1.0], "5": [91.0, 85.0], "6": [96.0, 49.0], "7": [58.0, 86.0], "8": [49.0, 13.0], "9": [9.0, 61.0], "10": [17.0, 35.0]}}