{"id": 9, "truck_speed": 1, "drone_speed": 2, "drone_range": "inf", "number_of_nodes": 10, "depot_location": [0.7510636117947865, 0.49744851205350493], "customer_locations": {"2": [7.0, 82.0], "3": [40.0, 90.0], "4": [50.0, 45.0], "5": [43.0, 29.0], "6": [75.0, 31.0], "7": [15.0, 21.0], "8": [11.0, 4.0], "9": [79.0, 84.0], "10": [52.0, 91.0]}}