{"id": 2, "truck_speed": 1, "drone_speed": 2, "drone_range": "inf", "number_of_nodes": 10, "depot_location": [0.7584047880052759, 0.9349707690837027], "customer_locations": {"2": [85.0, 7.0], "3": [79.0, 6.0], "4": [36.0, 85.0], "5": [27.0, 43.0], "6": [3.0, 21.0], "7": [98.0, 21.0], "8": [41.0, 19.0], "9": [65.0, 29.0], "10": [42.0, 80.0]}}