{"id": 6, "truck_speed": 1, "drone_speed": 2, "drone_range": "inf", "number_of_nodes": 10, "depot_location": [0.3988941261817107, 0.7256161053999765], "customer_locations": {"2": [67.0, 70.0], "3": [10.0, 42.0], "4": [95.0, 16.0], "5": [79.0, 33.0], "6": [45.0, 85.0], "7": [32.0, 7.0], "8": [92.0, 15.0], "9": [9.0, 73.0], "10": [54.0, 88.0]}}