{
    "id": 5,
    "truck_speed": 1,
    "drone_speed": 2,
    "drone_range": "inf",
    "number_of_nodes": 10,
    "depot_location": [
        0.1617906760961011,
        0.054126987194867526
    ],
    "customer_locations": {
        "2": [
            45.0,
            83.0
        ],
        "3": [
            51.0,
            83.0
        ],
        "4": [
            89.0,
            93.0
        ],
        "5": [
            15.0,
            7.0
        ],
        "6": [
            36.0,
            33.0
        ],
        "7": [
            9.0,
            37.0
        ],
        "8": [
            95.0,
            5.0
        ],
        "9": [
            53.0,
            70.0
        ],
        "10": [
            16.0,
            33.0
        ]
    }
}