{"id": 7, "truck_speed": 1, "drone_speed": 2, "drone_range": "inf", "number_of_nodes": 10, "depot_location": [0.467591596336825, 0.13879211531797186], "customer_locations": {"2": [20.0, 1.0], "3": [21.0, 36.0], "4": [42.0, 78.0], "5": [39.0, 30.0], "6": [8.0, 38.0], "7": [77.0, 88.0], "8": [3.0, 58.0], "9": [41.0, 76.0], "10": [15.0, 92.0]}}