{"id": 10, "truck_speed": 1, "drone_speed": 2, "drone_range": "inf", "number_of_nodes": 10, "depot_location": [0.4967560193988184, 0.3897465519656711], "customer_locations": {"2": [18.0, 93.0], "3": [38.0, 98.0], "4": [61.0, 78.0], "5": [55.0, 34.0], "6": [18.0, 15.0], "7": [65.0, 1.0], "8": [25.0, 37.0], "9": [42.0, 63.0], "10": [2.0, 84.0]}}