{"id": 4, "truck_speed": 1, "drone_speed": 2, "drone_range": "inf", "number_of_nodes": 10, "depot_location": [0.8776014270196341, 0.9310314579395313], "customer_locations": {"2": [8.0, 41.0], "3": [35.0, 69.0], "4": [88.0, 46.0], "5": [31.0, 23.0], "6": [97.0, 56.0], "7": [25.0, 50.0], "8": [77.0, 83.0], "9": [71.0, 41.0], "10": [73.0, 91.0]}}