{"id": 8, "truck_speed": 1, "drone_speed": 2, "drone_range": "inf", "number_of_nodes": 10, "depot_location": [0.47312816276784053, 0.35180770325269994], "customer_locations": {"2": [37.0, 28.0], "3": [13.0, 8.0], "4": [84.0, 62.0], "5": [5.0, 23.0], "6": [46.0, 78.0], "7": [7.0, 0.0], "8": [79.0, 12.0], "9": [9.0, 58.0], "10": [27.0, 21.0]}}