{
    "id": 3,
    "truck_speed": 1,
    "drone_speed": 2,
    "drone_range": "inf",
    "number_of_nodes": 10,
    "depot_location": [
        0.16388643294238858,
        0.3772803815760636
    ],
    "customer_locations": {
        "2": [
            23.0,
            12.0
        ],
        "3": [
            3.0,
            17.0
        ],
        "4": [
            17.0,
            8.0
        ],
        "5": [
            78.0,
            4.0
        ],
        "6": [
            83.0,
            7.0
        ],
        "7": [
            85.0,
            36.0
        ],
        "8": [
            24.0,
            15.0
        ],
        "9": [
            79.0,
            64.0
        ],
        "10": [
            75.0,
            55.0
        ]
    }
}