{"id": 6, "truck_speed": 1, "drone_speed": 1, "drone_range": "inf", "number_of_nodes": 11, "depot_location": [89.28601514360017, 33.19798053011772], "customer_locations": {"2": [82.12291230578317, 4.16966257252499], "3": [10.765667993596795, 59.50520642062402], "4": [52.98173621928216, 41.88074285566543], "5": [33.54078492733292, 62.25194321960902], "6": [43.81414261088741, 73.58821063486903], "7": [51.80364119992687, 57.88586002261571], "8": [64.53550958955938, 99.02242713734164], "9": [81.98581969218414, 41.32009348161808], "10": [87.62676552066274, 82.37594325705213], "11": [5.447450782235464, 71.86372365641944]}}