{"id": 2, "truck_speed": 1, "drone_speed": 2, "drone_range": "inf", "number_of_nodes": 12, "depot_location": [43.59949021420037, 2.5926231827891333], "customer_locations": {"2": [54.96624778787091, 43.53223926182769], "3": [42.0367802087489, 33.03348210038741], "4": [20.46486340378425, 61.92709663506637], "5": [29.965467367452312, 26.682727510286664], "6": [62.11338327692949, 52.91420942770391], "7": [13.457994534493356, 51.35781212657464], "8": [18.443986564691528, 78.53351478166735], "9": [85.39752926394888, 49.42368373819278], "10": [84.6561485357468, 7.964547700906099], "11": [50.524609012170394, 6.52865043868781], "12": [42.81223275973895, 9.653091566061256]}}