{"id": 5, "truck_speed": 1, "drone_speed": 2, "drone_range": "inf", "number_of_nodes": 13, "depot_location": [22.199317108973947, 87.07323061773764], "customer_locations": {"2": [20.67191553394264, 91.86109079379216], "3": [48.84111887948291, 61.17438629026457], "4": [76.59078564803156, 51.84179878729432], "5": [29.680050157622194, 18.772122866125162], "6": [8.074126876487487, 73.844029619897], "7": [44.13092228959531, 15.83098677126512], "8": [87.99370312012789, 27.408646199222463], "9": [41.42350190810513, 29.607993273364798], "10": [62.878790887948334, 57.9837810189545], "11": [59.99291966249876, 26.581911753550724], "12": [28.46858806413638, 25.35882057737875], "13": [32.756394768873406, 14.416430065342045]}}