{"id": 4, "truck_speed": 1, "drone_speed": 2, "drone_range": "inf", "number_of_nodes": 15, "depot_location": [96.70298390136767, 54.72322491757223], "customer_locations": {"2": [97.26843599648844, 71.48159936743646], "3": [69.77288245972709, 21.608949558037637], "4": [97.62744547762418, 0.6230255204589863], "5": [25.298236238344394, 43.47915324044458], "6": [77.93829217937525, 19.768507460025308], "7": [86.29932355992223, 98.34006771753127], "8": [16.384224140469872, 59.73339439328592], "9": [0.8986097667554982, 38.65712826436294], "10": [4.4160057931499574, 95.66529677142358], "11": [43.61466468797977, 94.89773067815628], "12": [78.6305985935061, 86.62892985816984], "13": [17.316542149594817, 7.494858701310703], "14": [60.07427213777693, 16.797218371840383], "15": [73.33801675105698, 40.84438601520147]}}