{"id": 7, "truck_speed": 1, "drone_speed": 1, "drone_range": "inf", "number_of_nodes": 15, "depot_location": [7.630828937395718, 77.99187922401146], "customer_locations": {"2": [43.84092314408935, 72.34651778309413], "3": [97.79895119966027, 53.849587041043364], "4": [50.11204636599379, 7.205113335976154], "5": [26.843898010187118, 49.98825008255599], "6": [67.92299961209405, 80.37390361043755], "7": [38.09411331485384, 6.593634690590511], "8": [28.814559930799355, 90.95935277196136], "9": [21.33853535799155, 45.21239618176831], "10": [93.12060196890218, 2.4899227550348013], "11": [60.05489174641225, 95.01295004136456], "12": [23.03028790209648, 54.84899192360304], "13": [90.91283748867312, 13.316944575925016], "14": [52.341258067376586, 75.04098591020349], "15": [66.90132408839138, 46.77528597449807]}}