{"id": 9, "truck_speed": 1, "drone_speed": 3, "drone_range": "inf", "number_of_nodes": 16, "depot_location": [1.0374153885699955, 50.187459214873876], "customer_locations": {"2": [49.57732931341461, 13.382952895927659], "3": [14.211108545453854, 21.855867562607823], "4": [41.850818051045245, 24.81011684135591], "5": [8.405965116535008, 34.54986400504001], "6": [16.677634653232143, 87.8559085532659], "7": [95.09640316267165, 3.8748375832319826], "8": [69.9107391398761, 57.27598155694093], "9": [89.80071182251496, 66.68989729196366], "10": [54.78377830464816, 70.24274240680552], "11": [38.647716961466536, 69.44386777644583], "12": [82.48704645005482, 46.566847536726584], "13": [94.0524409526656, 80.37397700123178], "14": [98.33592482243326, 16.96362575837671], "15": [52.10847114597973, 94.55174169762407], "16": [64.95404631604762, 86.08319232256967]}}