{"id": 3, "truck_speed": 1, "drone_speed": 1, "drone_range": "inf", "number_of_nodes": 16, "depot_location": [55.07979025745755, 70.81478226181048], "customer_locations": {"2": [29.090473891294433, 51.0827605197663], "3": [89.29469543476547, 89.6293088933438], "4": [12.558531046383624, 20.724287813818677], "5": [5.146720330082988, 44.08098436506365], "6": [2.9876210878566956, 45.683322439471105], "7": [64.91440476147608, 27.84872826479753], "8": [67.62549019801313, 59.086281741635084], "9": [2.3981882377165364, 55.8854087990882], "10": [25.925244690746542, 41.510119701006964], "11": [28.352508177131874, 69.31379183129962], "12": [44.045371767073945, 15.686773847496326], "13": [54.464901803184475, 78.03147645113671], "14": [30.636353237617975, 22.19578839321814], "15": [38.79712575556488, 93.63836498604304], "16": [97.59954224729339, 67.23836759128136]}}