{"id": 8, "truck_speed": 1, "drone_speed": 3, "drone_range": "inf", "number_of_nodes": 17, "depot_location": [87.34294027918162, 96.8540662820932], "customer_locations": {"2": [86.919454021392, 53.085569155559895], "3": [23.27283279772907, 1.1398804277429897], "4": [43.04688182924905, 40.235136003736486], "5": [52.267467135256965, 47.83917958024024], "6": [55.535647382233044, 54.338601754254036], "7": [76.0895575602929, 71.23745740820912], "8": [61.96820961034396, 42.60917704761922], "9": [28.90750280180877, 97.38552412004462], "10": [33.37740455106704, 21.8801060819828], "11": [6.580838778721143, 98.28705465534338], "12": [12.785571292503183, 32.21307932041794], "13": [7.094284475019874, 22.476993896804544], "14": [39.36349149436049, 89.61450048806353], "15": [34.54616119978671, 98.47494372852714], "16": [2.87320489632954, 35.168473627012006], "17": [38.0958889203853, 76.416013136596]}}