{"id": 10, "truck_speed": 1, "drone_speed": 3, "drone_range": "inf", "number_of_nodes": 17, "depot_location": [77.1320643266746, 2.07519493594015], "customer_locations": {"2": [63.36482349262754, 74.88038825386118], "3": [49.85070123025904, 22.479664553084767], "4": [19.8062864759624, 76.05307121989587], "5": [16.911083656253545, 8.833981417401027], "6": [68.53598183677973, 95.33933461949366], "7": [0.39482663279144514, 51.21922633857766], "8": [81.26209616521135, 61.25260668293882], "9": [72.17553174317996, 29.187606817063315], "10": [91.77741225129435, 71.45757833976906], "11": [54.254436801126126, 14.217004760152696], "12": [37.33407600514692, 67.41336150663453], "13": [44.18331744229961, 43.40139933332937], "14": [61.77669784693172, 51.31382425543909], "15": [65.03971819314673, 60.103895340454436], "16": [80.52231968327465, 52.16471523936341], "17": [90.86488808086682, 31.92360889885453]}}