{"id": 1, "truck_speed": 1, "drone_speed": 3, "drone_range": "inf", "number_of_nodes": 18, "depot_location": [41.7022004702574, 72.0324493442158], "customer_locations": {"2": [0.011437481734488664, 30.233257263183976], "3": [14.675589081711305, 9.233859476879779], "4": [18.62602113776709, 34.556072704304775], "5": [39.67674742306699, 53.88167340033569], "6": [41.91945144032948, 68.52195003967594], "7": [20.445224973151742, 87.81174363909454], "8": [2.7387593197926163, 67.04675101784022], "9": [41.730480236712694, 55.868982844575164], "10": [14.038693859523377, 19.81014890848788], "11": [80.07445686755366, 96.82615757193975], "12": [31.342417815924286, 69.23226156693141], "13": [87.63891522960382, 89.46066635038473], "14": [8.504421136977792, 3.905478323288236], "15": [16.98304195645689, 87.8142503429413], "16": [9.83468338330501, 42.11076250050522], "17": [95.7889530150502, 53.316528497301704], "18": [69.18771139504733, 31.551563100606295]}}