{"id": 10, "truck_speed": 1, "drone_speed": 2, "drone_range": "inf", "number_of_nodes": 20, "depot_location": [0.06781062565472318, 0.6762222002598981], "customer_locations": {"2": [84.0, 68.0], "3": [18.0, 97.0], "4": [69.0, 36.0], "5": [44.0, 18.0], "6": [36.0, 56.0], "7": [45.0, 78.0], "8": [16.0, 57.0], "9": [78.0, 65.0], "10": [70.0, 47.0], "11": [15.0, 87.0], "12": [33.0, 31.0], "13": [15.0, 21.0], "14": [89.0, 38.0], "15": [86.0, 33.0], "16": [29.0, 4.0], "17": [12.0, 9.0], "18": [41.0, 63.0], "19": [14.0, 96.0], "20": [47.0, 74.0]}}