{"id": 3, "truck_speed": 1, "drone_speed": 2, "drone_range": "inf", "number_of_nodes": 20, "depot_location": [0.7208914323042052, 0.0780252069066043], "customer_locations": {"2": [8.0, 2.0], "3": [35.0, 93.0], "4": [89.0, 44.0], "5": [40.0, 42.0], "6": [44.0, 36.0], "7": [53.0, 81.0], "8": [13.0, 97.0], "9": [21.0, 25.0], "10": [1.0, 44.0], "11": [19.0, 44.0], "12": [56.0, 12.0], "13": [38.0, 89.0], "14": [42.0, 28.0], "15": [15.0, 42.0], "16": [65.0, 54.0], "17": [52.0, 84.0], "18": [42.0, 24.0], "19": [22.0, 5.0], "20": [57.0, 47.0]}}