{"id": 4, "truck_speed": 1, "drone_speed": 2, "drone_range": "inf", "number_of_nodes": 20, "depot_location": [0.8328745494457377, 0.1420954686344974], "customer_locations": {"2": [66.0, 72.0], "3": [20.0, 89.0], "4": [54.0, 37.0], "5": [37.0, 17.0], "6": [10.0, 18.0], "7": [22.0, 52.0], "8": [54.0, 57.0], "9": [43.0, 25.0], "10": [68.0, 2.0], "11": [63.0, 82.0], "12": [50.0, 30.0], "13": [6.0, 63.0], "14": [58.0, 27.0], "15": [44.0, 55.0], "16": [36.0, 49.0], "17": [5.0, 29.0], "18": [18.0, 85.0], "19": [39.0, 53.0], "20": [11.0, 49.0]}}