{"id": 5, "truck_speed": 1, "drone_speed": 2, "drone_range": "inf", "number_of_nodes": 20, "depot_location": [0.11844372176481655, 0.5771508318373246], "customer_locations": {"2": [45.0, 3.0], "3": [68.0, 53.0], "4": [80.0, 70.0], "5": [29.0, 46.0], "6": [83.0, 32.0], "7": [21.0, 82.0], "8": [2.0, 44.0], "9": [17.0, 74.0], "10": [6.0, 89.0], "11": [13.0, 67.0], "12": [42.0, 13.0], "13": [62.0, 92.0], "14": [37.0, 21.0], "15": [61.0, 30.0], "16": [55.0, 21.0], "17": [69.0, 21.0], "18": [48.0, 92.0], "19": [63.0, 61.0], "20": [87.0, 35.0]}}