{"id": 9, "truck_speed": 1, "drone_speed": 2, "drone_range": "inf", "number_of_nodes": 20, "depot_location": [0.8563798922753549, 0.19903977909448722], "customer_locations": {"2": [40.0, 94.0], "3": [42.0, 49.0], "4": [6.0, 98.0], "5": [45.0, 78.0], "6": [40.0, 95.0], "7": [39.0, 15.0], "8": [54.0, 42.0], "9": [31.0, 2.0], "10": [70.0, 24.0], "11": [93.0, 67.0], "12": [90.0, 12.0], "13": [63.0, 10.0], "14": [46.0, 19.0], "15": [14.0, 93.0], "16": [67.0, 42.0], "17": [21.0, 58.0], "18": [43.0, 19.0], "19": [52.0, 21.0], "20": [24.0, 80.0]}}