{"id": 7, "truck_speed": 1, "drone_speed": 2, "drone_range": "inf", "number_of_nodes": 20, "depot_location": [0.294625607562887, 0.34004105633232684], "customer_locations": {"2": [12.0, 91.0], "3": [45.0, 66.0], "4": [56.0, 93.0], "5": [66.0, 88.0], "6": [97.0, 64.0], "7": [82.0, 2.0], "8": [62.0, 27.0], "9": [11.0, 37.0], "10": [86.0, 20.0], "11": [97.0, 78.0], "12": [20.0, 39.0], "13": [64.0, 54.0], "14": [90.0, 56.0], "15": [49.0, 67.0], "16": [55.0, 68.0], "17": [13.0, 52.0], "18": [20.0, 93.0], "19": [96.0, 82.0], "20": [52.0, 20.0]}}