{"id": 1, "truck_speed": 1, "drone_speed": 2, "drone_range": "inf", "number_of_nodes": 20, "depot_location": [0.08806037549093881, 0.484280869900678], "customer_locations": {"2": [53.0, 91.0], "3": [39.0, 34.0], "4": [13.0, 69.0], "5": [67.0, 90.0], "6": [67.0, 30.0], "7": [16.0, 42.0], "8": [18.0, 36.0], "9": [58.0, 62.0], "10": [92.0, 89.0], "11": [30.0, 21.0], "12": [13.0, 50.0], "13": [48.0, 34.0], "14": [92.0, 34.0], "15": [97.0, 28.0], "16": [12.0, 81.0], "17": [68.0, 31.0], "18": [69.0, 79.0], "19": [89.0, 84.0], "20": [87.0, 13.0]}}