{"id": 6, "truck_speed": 1, "drone_speed": 2, "drone_range": "inf", "number_of_nodes": 20, "depot_location": [0.3761112645907625, 0.7427201112495035], "customer_locations": {"2": [45.0, 91.0], "3": [61.0, 20.0], "4": [88.0, 38.0], "5": [27.0, 27.0], "6": [45.0, 55.0], "7": [49.0, 46.0], "8": [14.0, 1.0], "9": [31.0, 23.0], "10": [1.0, 62.0], "11": [78.0, 69.0], "12": [56.0, 66.0], "13": [43.0, 87.0], "14": [13.0, 7.0], "15": [32.0, 0.0], "16": [86.0, 32.0], "17": [23.0, 74.0], "18": [9.0, 81.0], "19": [83.0, 28.0], "20": [14.0, 71.0]}}