{"id": 8, "truck_speed": 1, "drone_speed": 2, "drone_range": "inf", "number_of_nodes": 20, "depot_location": [0.9694307372733998, 0.8797849937798358], "customer_locations": {"2": [96.0, 29.0], "3": [74.0, 75.0], "4": [47.0, 91.0], "5": [83.0, 70.0], "6": [34.0, 60.0], "7": [84.0, 99.0], "8": [72.0, 24.0], "9": [44.0, 94.0], "10": [70.0, 57.0], "11": [91.0, 17.0], "12": [55.0, 87.0], "13": [95.0, 89.0], "14": [65.0, 57.0], "15": [53.0, 76.0], "16": [79.0, 39.0], "17": [21.0, 30.0], "18": [26.0, 85.0], "19": [80.0, 18.0], "20": [31.0, 80.0]}}