{"id": 2, "truck_speed": 1, "drone_speed": 2, "drone_range": "inf", "number_of_nodes": 20, "depot_location": [0.08830596411834524, 0.42001112610543423], "customer_locations": {"2": [78.0, 98.0], "3": [33.0, 37.0], "4": [59.0, 4.0], "5": [86.0, 72.0], "6": [50.0, 37.0], "7": [19.0, 39.0], "8": [87.0, 55.0], "9": [92.0, 24.0], "10": [10.0, 39.0], "11": [4.0, 85.0], "12": [91.0, 90.0], "13": [95.0, 19.0], "14": [85.0, 15.0], "15": [52.0, 65.0], "16": [78.0, 54.0], "17": [0.0, 28.0], "18": [91.0, 29.0], "19": [6.0, 23.0], "20": [98.0, 38.0]}}